{"train_losses": [0.17170050727228323, 0.05749460341073573, 0.042918972451115645, 0.03475209044907242, 0.028222039367320637], "train_accs": [0.9500166666666666, 0.9824166666666667, 0.98635, 0.9890666666666666, 0.9908166666666667], "test_losses": [0.07599702345132828, 0.05163051092028618, 0.03701148941386491, 0.04018753449395299, 0.037311979069327934], "test_accs": [0.9748, 0.9827, 0.9868, 0.9872, 0.9883], "training_time": 51.66679501533508}