{"train_losses": [0.2278908278187116, 0.09205213836282491, 0.06393598239403218, 0.05046556099473188, 0.0399816972186168], "train_accs": [0.93035, 0.9711666666666666, 0.9796833333333334, 0.98365, 0.9872], "test_losses": [0.110501416939497, 0.1005643463730812, 0.07331147111197933, 0.07649693389395251, 0.07671791513352073], "test_accs": [0.9663, 0.9683, 0.9776, 0.9777, 0.9776], "training_time": 27.15166211128235}