{"train_losses": [0.1566582154755791, 0.04794093299011389, 0.033177759535548586, 0.0273584714468879, 0.021129222372888275], "train_accs": [0.9507333333333333, 0.9851833333333333, 0.9896333333333334, 0.99105, 0.9932], "test_losses": [0.04940418518441729, 0.029251785481441767, 0.03320642164698802, 0.029421902881748976, 0.026496344468253663], "test_accs": [0.9832, 0.9901, 0.989, 0.9896, 0.9912], "training_time": 70.25916385650635}