{"train_losses": [0.184989767143627, 0.06309583527743816, 0.04553889475023995, 0.037025092063720025, 0.02873148549369847], "train_accs": [0.9455666666666667, 0.9808833333333333, 0.9863, 0.9884833333333334, 0.9912], "test_losses": [0.06783769799340517, 0.046478916410729286, 0.04850319998264313, 0.044628957160562276, 0.04396753051187843], "test_accs": [0.9781, 0.9833, 0.9844, 0.9856, 0.9863], "training_time": 45.67242908477783}