{"train_losses": [0.185397903089722, 0.04755376119508098, 0.032760713934122276, 0.02579781300408455, 0.022164030390927413], "train_accs": [0.93845, 0.9849833333333333, 0.9895166666666667, 0.9915166666666667, 0.9931], "test_losses": [0.0487907851010561, 0.04651394527098164, 0.03880211789149325, 0.028679581806389614, 0.023848154139239342], "test_accs": [0.9846, 0.9843, 0.9866, 0.9908, 0.9922], "training_time": 77.22548818588257}