{"train_losses": [0.1521192948932449, 0.04828728498170773, 0.03394094938312968, 0.028174989773488292, 0.021394813892190966], "train_accs": [0.95455, 0.9851666666666666, 0.9898666666666667, 0.9911833333333333, 0.9934833333333334], "test_losses": [0.05157109311241657, 0.032630066814715974, 0.04203353135478683, 0.04744040811459999, 0.02391346617625095], "test_accs": [0.9834, 0.9887, 0.9872, 0.9849, 0.9913], "training_time": 70.8318829536438}