{"train_losses": [0.17175673734148345, 0.05675634937907258, 0.04343038206299146, 0.03522994807368765, 0.02910914017474279], "train_accs": [0.9494833333333333, 0.9823666666666667, 0.9867333333333334, 0.98905, 0.9908666666666667], "test_losses": [0.05750650987271219, 0.04499665180658922, 0.04756078307582066, 0.040068410001369195, 0.03170233580623753], "test_accs": [0.9819, 0.9853, 0.9849, 0.9868, 0.9891], "training_time": 49.62342715263367}