{"train_losses": [0.1357884010620415, 0.04587967959096034, 0.030715280016263325, 0.024709995309263467, 0.020167398281263498], "train_accs": [0.9598, 0.9857166666666667, 0.9901166666666666, 0.9923666666666666, 0.9934666666666667], "test_losses": [0.046947431598650294, 0.032890228893607855, 0.033135082924144806, 0.037883947281260044, 0.02623436052885736], "test_accs": [0.9837, 0.989, 0.9894, 0.9877, 0.9913], "training_time": 76.90419292449951}