{"train_losses": [1.3070776021385193, 0.9210874166488647, 0.7531506558036805, 0.647770400505066, 0.5674604018974304], "train_accs": [0.52212, 0.67186, 0.73486, 0.77388, 0.80364], "test_losses": [1.0545916271209717, 0.931017577457428, 0.782643666267395, 0.7412966114997864, 0.6597770964622498], "test_accs": [0.6257, 0.6631, 0.7261, 0.7441, 0.7675], "training_time": 93.83033275604248}