{"train_losses": [1.3214430123138428, 0.9379763118362426, 0.7851955428695678, 0.6840869340133667, 0.6095092680358887], "train_accs": [0.51894, 0.66596, 0.72088, 0.75942, 0.78618], "test_losses": [1.1223369598388673, 0.9376699545860291, 0.8016510461807251, 0.8139898693084717, 0.7918898069381713], "test_accs": [0.591, 0.6637, 0.7138, 0.7214, 0.7322], "training_time": 213.88771986961365}