{"train_losses": [1.2360538000488281, 0.8224936041259766, 0.6571605191230774, 0.5477207690811158, 0.464658019695282], "train_accs": [0.55128, 0.70776, 0.76908, 0.80894, 0.83844], "test_losses": [1.0041025760650635, 0.8214880375862121, 0.7521903729438781, 0.6523477989196778, 0.5906602375984192], "test_accs": [0.641, 0.7107, 0.7367, 0.7731, 0.8012], "training_time": 208.65422201156616}