{"train_losses": [1.8607660440063476, 1.7271831567382812, 1.6757925791931152, 1.6324424851226806, 1.603230391960144], "train_accs": [0.33204, 0.38456, 0.4083, 0.42054, 0.4363], "test_losses": [1.6844161277770997, 1.6084349964141846, 1.5369223049163818, 1.5354940740585328, 1.5001189403533937], "test_accs": [0.4035, 0.4189, 0.4648, 0.4529, 0.479], "training_time": 47.80385899543762}