{"train_losses": [1.4361869070053102, 1.0403886213684082, 0.8992687399673462, 0.8140027014350891, 0.7479251009750366], "train_accs": [0.47894, 0.62982, 0.67956, 0.71202, 0.73472], "test_losses": [1.2529482267379761, 1.0468623321533204, 1.1649806730270387, 0.8420244630813598, 0.867678345489502], "test_accs": [0.5457, 0.6218, 0.6026, 0.6973, 0.7033], "training_time": 86.13787388801575}